model,accuracy,precision,recall,f1,roc_auc,pr_auc
XGBoost,0.9791425260718424,0.906764168190128,0.9271028037383178,0.9168207024029574,0.9930341690154775,0.9714013306187659
RandomForest,0.9726535341830823,0.9032882011605415,0.8728971962616823,0.8878326996197718,0.9882421005785491,0.9561767155563288
DecisionTree,0.9654692931633836,0.8304794520547946,0.9065420560747663,0.8668453976764968,0.9401757899421451,0.7644520355092419
LogisticRegression,0.9422943221320973,0.820627802690583,0.6841121495327103,0.746177370030581,0.8980082084754981,0.7182802491634759
KNN,0.9019698725376594,0.6372549019607843,0.48598130841121495,0.5514316012725344,0.8306168718785542,0.5225038754482008
